,Name,Date time,Maximum Temperature,Minimum Temperature,Temperature,Wind Chill,Heat Index,Precipitation,Snow,Snow Depth,Wind Speed,Wind Direction,Wind Gust,Visibility,Cloud Cover,Relative Humidity,Conditions
0,"Adana, Türkiye",12/01/2020,60.5,53.0,57.2,,,0.07,0,0,9.8,98.13,,5.6,85.4,81.66,"Rain, Overcast"
1,"Adana, Türkiye",12/02/2020,69.9,50.3,58.7,,,0.2,0,0,13.9,62.21,,5.4,7.0,68.62,Rain
2,"Adana, Türkiye",12/03/2020,71.8,47.4,58.2,48.0,,0.0,0,0,7.5,68.33,,5.1,1.5,64.37,Clear
3,"Adana, Türkiye",12/04/2020,72.5,47.9,57.7,47.1,,0.0,0,0,9.6,61.83,,5.3,0.0,57.07,Clear
4,"Adana, Türkiye",12/05/2020,71.2,50.4,57.8,,,0.0,0,0,10.0,58.83,,5.5,0.1,55.86,Clear
5,"Adana, Türkiye",12/06/2020,70.5,42.2,54.4,42.6,,0.0,0,0,5.5,128.08,,5.1,0.0,62.12,Clear
6,"Adana, Türkiye",12/07/2020,67.1,44.1,55.8,39.8,,0.0,0,0,7.9,36.13,,5.4,57.9,61.42,Partially cloudy
7,"Adana, Türkiye",12/08/2020,64.1,53.7,57.8,,,0.05,0,0,13.3,42.08,,5.8,88.9,72.72,"Rain, Overcast"
8,"Adana, Türkiye",12/09/2020,66.1,48.7,55.4,47.1,,0.28,0,0,12.7,92.33,,5.6,40.3,76.92,"Rain, Partially cloudy"
9,"Adana, Türkiye",12/10/2020,66.8,45.0,54.5,43.5,,0.0,0,0,6.6,99.42,,5.3,0.1,74.97,Clear
10,"Adana, Türkiye",12/11/2020,62.9,52.5,56.6,,,0.43,0,0,10.5,50.21,,5.6,72.5,74.01,"Rain, Partially cloudy"
11,"Adana, Türkiye",12/12/2020,68.0,55.1,60.2,,,0.03,0,0,12.7,25.71,,5.8,86.2,63.0,"Rain, Overcast"
12,"Adana, Türkiye",12/13/2020,64.4,58.8,61.1,,,0.01,0,0,12.2,79.33,,5.9,88.9,54.66,"Rain, Overcast"
13,"Adana, Türkiye",12/14/2020,63.3,56.1,59.4,,,0.35,0,0,20.3,56.63,17.2,5.7,89.3,69.43,"Rain, Overcast"
14,"Adana, Türkiye",12/15/2020,65.5,55.8,58.8,,,0.6,0,0,11.8,37.17,,5.8,84.5,72.06,"Rain, Overcast"
15,"Adana, Türkiye",12/16/2020,66.9,55.7,61.1,,,0.01,0,0,19.5,42.88,,6.2,88.9,59.42,"Rain, Overcast"
16,"Adana, Türkiye",12/17/2020,70.9,51.0,59.5,,,0.03,0,0,6.4,84.71,,5.7,33.2,67.84,"Rain, Partially cloudy"
17,"Adana, Türkiye",12/18/2020,68.0,42.5,54.0,40.7,,0.0,0,0,5.8,84.0,,5.4,2.6,66.24,Clear
18,"Adana, Türkiye",12/19/2020,65.4,46.1,54.7,45.2,,0.0,0,0,9.1,120.17,,6.0,36.4,60.98,Partially cloudy
19,"Adana, Türkiye",12/20/2020,65.1,43.5,52.2,40.4,,0.0,0,0,7.2,51.33,,5.5,0.0,58.24,Clear
20,"Adana, Türkiye",12/21/2020,64.7,43.6,54.2,43.5,,0.0,0,0,8.1,98.54,,5.6,4.2,62.64,Clear
21,"Adana, Türkiye",12/22/2020,66.9,46.1,55.9,47.8,,0.0,0,0,8.4,119.04,,5.6,13.7,58.71,Clear
22,"Adana, Türkiye",12/23/2020,63.0,47.5,54.4,43.3,,0.04,0,0,10.8,99.21,,5.8,26.2,50.64,"Rain, Partially cloudy"
23,"Adana, Türkiye",12/24/2020,61.2,41.6,49.3,36.2,,0.0,0,0,10.6,111.42,,5.5,0.0,42.53,Clear
24,"Adana, Türkiye",12/25/2020,64.6,35.1,47.2,34.6,,0.0,0,0,8.0,82.42,,4.2,0.0,57.58,Clear
25,"Adana, Türkiye",08/01/2020,96.4,79.0,86.8,,108.0,0.0,0,0,16.2,181.75,,6.2,33.8,76.07,Partially cloudy
26,"Adana, Türkiye",08/02/2020,94.3,78.8,86.0,,107.9,0.0,0,0,14.0,160.88,,6.1,48.7,78.49,Partially cloudy
27,"Adana, Türkiye",08/03/2020,96.6,78.5,86.4,,107.3,0.0,0,0,15.3,186.42,,6.1,45.1,74.19,Partially cloudy
28,"Adana, Türkiye",08/04/2020,94.6,78.8,86.0,,105.1,0.0,0,0,15.2,163.96,,6.2,47.7,74.67,Partially cloudy
29,"Adana, Türkiye",08/05/2020,95.6,77.4,86.1,,105.8,0.0,0,0,13.0,160.63,,6.2,45.7,74.7,Partially cloudy
30,"Adana, Türkiye",08/06/2020,95.6,77.7,85.9,,105.4,0.0,0,0,12.6,162.42,,6.2,36.0,76.08,Partially cloudy
31,"Adana, Türkiye",08/07/2020,95.4,75.7,85.2,,105.6,0.0,0,0,13.9,185.5,,6.1,25.8,77.06,Partially cloudy
32,"Adana, Türkiye",08/08/2020,92.7,77.9,84.7,,105.2,0.0,0,0,14.4,163.71,,6.0,63.8,78.5,Partially cloudy
33,"Adana, Türkiye",08/09/2020,90.0,75.9,83.1,,98.3,0.0,0,0,18.1,176.17,,6.2,74.5,75.01,Partially cloudy
34,"Adana, Türkiye",08/10/2020,90.2,78.0,82.5,,97.7,0.04,0,0,15.1,191.54,,6.2,77.0,76.42,"Rain, Overcast"
35,"Adana, Türkiye",08/11/2020,95.4,74.9,84.0,,105.3,0.0,0,0,16.0,172.46,,6.2,43.8,76.89,Partially cloudy
36,"Adana, Türkiye",08/12/2020,94.9,76.0,84.7,,104.4,0.0,0,0,15.6,177.71,,6.0,23.3,75.52,Clear
37,"Adana, Türkiye",08/13/2020,97.1,76.7,85.6,,104.9,0.0,0,0,15.8,172.96,,6.2,19.9,72.71,Clear
38,"Adana, Türkiye",08/14/2020,96.4,74.8,85.1,,100.7,0.0,0,0,17.5,213.46,,6.2,17.9,66.52,Clear
39,"Adana, Türkiye",08/15/2020,97.7,67.1,83.9,,100.9,0.0,0,0,16.2,196.79,18.3,6.2,0.0,55.39,Clear
40,"Adana, Türkiye",08/16/2020,95.6,72.5,84.0,,99.4,0.0,0,0,14.4,136.33,,6.2,0.0,58.94,Clear
41,"Adana, Türkiye",08/17/2020,95.9,75.1,84.1,,98.9,0.0,0,0,14.9,161.0,,6.2,3.8,65.03,Clear
42,"Adana, Türkiye",08/18/2020,94.8,74.6,83.8,,101.6,0.0,0,0,12.5,159.83,,6.2,25.5,68.99,Partially cloudy
43,"Adana, Türkiye",08/19/2020,93.9,76.4,84.4,,103.3,0.0,0,0,12.8,135.38,,6.2,37.4,74.12,Partially cloudy
44,"Adana, Türkiye",08/20/2020,91.4,76.4,83.4,,100.6,0.08,0,0,12.5,158.17,,6.2,55.1,78.12,"Rain, Partially cloudy"
45,"Adana, Türkiye",08/21/2020,93.5,76.3,83.9,,103.1,0.0,0,0,15.4,177.58,,6.2,50.0,77.58,Partially cloudy
46,"Adana, Türkiye",08/22/2020,99.2,75.4,86.2,,96.5,0.0,0,0,11.5,123.96,,6.2,17.4,51.75,Clear
47,"Adana, Türkiye",08/23/2020,98.5,71.4,85.5,,95.7,0.0,0,0,14.5,114.88,30.0,6.2,0.0,40.03,Clear
48,"Adana, Türkiye",08/24/2020,99.2,74.2,84.3,,96.4,0.0,0,0,14.1,157.08,,6.2,0.0,41.8,Clear
49,"Adana, Türkiye",08/25/2020,95.7,69.2,82.3,,101.0,0.0,0,0,11.3,145.92,,6.2,8.6,61.71,Clear
50,"Adana, Türkiye",10/01/2020,86.3,71.8,78.4,,87.6,0.0,0,0,17.0,158.92,,6.2,52.4,64.78,Partially cloudy
51,"Adana, Türkiye",10/02/2020,87.3,67.7,77.0,,86.8,0.0,0,0,10.9,145.46,,6.2,34.2,66.2,Partially cloudy
52,"Adana, Türkiye",10/03/2020,91.0,67.4,76.6,,88.2,0.0,0,0,12.9,122.29,,6.2,0.0,66.21,Clear
53,"Adana, Türkiye",10/04/2020,92.0,67.4,77.3,,88.7,0.0,0,0,15.0,120.71,,6.2,0.0,62.09,Clear
54,"Adana, Türkiye",10/05/2020,94.3,66.0,78.0,,90.4,0.0,0,0,13.6,149.29,,6.2,0.0,55.85,Clear
55,"Adana, Türkiye",10/06/2020,95.9,66.1,78.9,,92.9,0.0,0,0,13.0,132.83,,6.2,0.0,55.85,Clear
56,"Adana, Türkiye",10/07/2020,93.0,69.2,79.6,,98.6,0.0,0,0,10.3,105.08,,6.2,0.0,65.21,Clear
57,"Adana, Türkiye",10/08/2020,98.2,71.0,82.4,,94.5,0.0,0,0,6.9,90.0,,6.2,0.1,54.86,Clear
58,"Adana, Türkiye",10/09/2020,95.9,70.2,82.2,,91.3,0.0,0,0,13.0,53.17,25.3,6.2,0.0,30.08,Clear
59,"Adana, Türkiye",10/10/2020,94.9,70.5,83.0,,90.6,0.0,0,0,12.7,99.5,,6.2,0.0,27.33,Clear
60,"Adana, Türkiye",10/11/2020,90.2,64.8,76.4,,89.7,0.0,0,0,10.6,176.67,,6.1,0.5,56.04,Clear
61,"Adana, Türkiye",10/12/2020,90.2,66.4,76.8,,90.5,0.0,0,0,9.5,137.67,,6.2,0.0,73.12,Clear
62,"Adana, Türkiye",10/13/2020,86.4,66.6,75.7,,87.9,0.0,0,0,10.9,157.29,,6.2,32.5,76.25,Partially cloudy
63,"Adana, Türkiye",10/14/2020,88.2,66.7,76.1,,89.2,0.0,0,0,11.5,142.0,,6.2,12.2,73.8,Clear
64,"Adana, Türkiye",10/15/2020,88.2,70.2,77.9,,91.4,0.0,0,0,12.2,107.17,,6.2,43.9,75.91,Partially cloudy
65,"Adana, Türkiye",10/16/2020,86.6,65.9,75.6,,87.9,0.0,0,0,9.4,144.13,,6.2,36.9,73.11,Partially cloudy
66,"Adana, Türkiye",10/17/2020,86.6,64.1,75.2,,88.0,0.0,0,0,11.7,125.46,,6.2,16.0,73.72,Clear
67,"Adana, Türkiye",10/18/2020,86.6,65.9,75.5,,88.9,0.0,0,0,11.2,128.33,,5.9,2.2,78.79,Clear
68,"Adana, Türkiye",10/19/2020,86.9,68.5,76.6,,89.6,0.0,0,0,8.7,117.58,,6.2,37.1,72.33,Partially cloudy
69,"Adana, Türkiye",10/20/2020,84.5,66.6,75.0,,84.0,0.0,0,0,6.5,140.33,,6.2,56.6,61.98,Partially cloudy
70,"Adana, Türkiye",10/21/2020,93.1,64.9,77.0,,89.5,0.0,0,0,13.3,108.58,,6.2,1.7,58.47,Clear
71,"Adana, Türkiye",10/22/2020,87.6,68.5,76.9,,88.9,0.0,0,0,10.2,93.58,,6.2,20.0,67.99,Clear
72,"Adana, Türkiye",10/23/2020,95.9,65.2,78.1,,91.8,0.0,0,0,7.3,118.25,,6.2,0.1,53.07,Clear
73,"Adana, Türkiye",10/24/2020,97.2,64.1,78.8,,92.4,0.0,0,0,9.6,69.13,,5.9,0.1,34.98,Clear
74,"Adana, Türkiye",10/25/2020,93.9,65.7,76.3,,89.4,0.0,0,0,7.4,139.25,,6.2,0.1,40.29,Clear
75,"Adana, Türkiye",09/01/2020,99.5,72.3,84.2,,112.8,0.0,0,0,11.1,178.25,,4.3,33.0,81.26,Partially cloudy
76,"Adana, Türkiye",09/02/2020,101.3,78.3,87.1,,114.1,0.0,0,0,10.7,197.88,,6.1,21.5,75.91,Clear
77,"Adana, Türkiye",09/03/2020,113.9,79.1,93.8,,110.1,0.0,0,0,8.9,125.21,,6.2,0.0,52.42,Clear
78,"Adana, Türkiye",09/04/2020,108.8,76.7,91.2,,110.1,0.0,0,0,12.4,176.96,,6.2,0.0,55.52,Clear
79,"Adana, Türkiye",09/05/2020,98.2,77.9,86.7,,110.5,0.0,0,0,11.8,177.0,,6.2,1.0,75.04,Clear
80,"Adana, Türkiye",09/06/2020,93.8,76.2,84.4,,103.4,0.0,0,0,10.3,163.71,,5.4,34.2,79.55,Partially cloudy
81,"Adana, Türkiye",09/07/2020,97.2,78.2,85.7,,108.7,0.0,0,0,12.7,170.21,,6.2,8.9,75.11,Clear
82,"Adana, Türkiye",09/08/2020,101.4,73.4,86.8,,104.4,0.0,0,0,13.0,184.58,,6.2,0.0,63.63,Clear
83,"Adana, Türkiye",09/09/2020,102.8,70.9,86.7,,102.2,0.0,0,0,13.2,209.5,,6.2,0.0,52.25,Clear
84,"Adana, Türkiye",09/10/2020,106.7,71.9,89.5,,103.2,0.0,0,0,7.3,98.79,,6.2,0.0,36.47,Clear
85,"Adana, Türkiye",09/11/2020,97.2,79.5,87.2,,105.8,0.0,0,0,12.6,130.92,,6.2,14.4,48.45,Clear
86,"Adana, Türkiye",09/12/2020,93.9,75.2,84.1,,108.4,0.0,0,0,12.1,200.58,,6.2,30.7,80.32,Partially cloudy
87,"Adana, Türkiye",09/13/2020,93.0,74.9,83.5,,98.0,0.0,0,0,11.2,170.75,,6.2,19.8,73.61,Clear
88,"Adana, Türkiye",09/14/2020,92.3,77.1,83.9,,100.1,0.0,0,0,11.4,142.88,,6.2,33.9,74.62,Partially cloudy
89,"Adana, Türkiye",09/15/2020,95.7,75.7,84.3,,105.4,0.0,0,0,11.4,185.42,,6.2,17.2,77.69,Clear
90,"Adana, Türkiye",09/16/2020,94.4,75.9,83.8,,106.0,0.0,0,0,11.6,159.92,,6.2,32.1,80.67,Partially cloudy
91,"Adana, Türkiye",09/17/2020,93.1,76.4,84.0,,103.5,0.0,0,0,10.1,170.96,,6.2,45.9,79.87,Partially cloudy
92,"Adana, Türkiye",09/18/2020,94.8,76.7,84.5,,105.5,0.0,0,0,11.9,156.54,,6.2,41.0,78.73,Partially cloudy
93,"Adana, Türkiye",09/19/2020,93.9,79.0,84.8,,103.6,0.0,0,0,11.5,118.21,,6.2,52.5,77.35,Partially cloudy
94,"Adana, Türkiye",09/20/2020,92.0,74.6,82.0,,95.5,0.0,0,0,11.7,128.46,,6.2,27.0,72.25,Partially cloudy
95,"Adana, Türkiye",09/21/2020,91.5,71.3,81.5,,94.5,0.0,0,0,11.6,108.5,,6.2,39.0,69.52,Partially cloudy
96,"Adana, Türkiye",09/22/2020,93.8,72.8,82.2,,97.2,0.0,0,0,12.1,125.92,,6.2,36.6,68.3,Partially cloudy
97,"Adana, Türkiye",09/23/2020,91.3,73.1,82.0,,96.7,0.0,0,0,10.8,166.75,,6.2,44.2,72.31,Partially cloudy
98,"Adana, Türkiye",09/24/2020,91.3,73.3,81.5,,98.4,0.0,0,0,13.1,150.25,,6.1,42.0,79.47,Partially cloudy
99,"Adana, Türkiye",09/25/2020,89.1,73.9,80.3,,93.8,0.04,0,0,15.2,119.54,,6.2,63.8,76.7,"Rain, Partially cloudy"
100,"Adana, Türkiye",06/01/2020,79.9,61.9,70.4,,,0.0,0,0,11.3,150.71,,6.2,40.5,66.22,Partially cloudy
101,"Adana, Türkiye",06/02/2020,86.9,62.0,72.9,,84.1,0.0,0,0,17.7,161.63,,6.2,51.4,59.23,Partially cloudy
102,"Adana, Türkiye",06/03/2020,77.3,64.3,70.4,,,0.0,0,0,17.3,132.38,,6.2,61.1,74.65,Partially cloudy
103,"Adana, Türkiye",06/04/2020,79.9,60.5,70.3,,,0.0,0,0,13.3,175.5,,6.2,46.0,71.5,Partially cloudy
104,"Adana, Türkiye",06/05/2020,89.7,60.2,73.6,,87.8,0.0,0,0,12.9,168.0,,6.2,1.2,66.41,Clear
105,"Adana, Türkiye",06/06/2020,99.5,62.3,82.6,,95.1,0.0,0,0,8.0,123.25,,6.2,0.0,47.12,Clear
106,"Adana, Türkiye",06/07/2020,102.9,66.9,85.4,,99.0,0.0,0,0,8.5,105.13,,6.2,0.0,38.85,Clear
107,"Adana, Türkiye",06/08/2020,91.6,71.0,78.1,,92.6,0.0,0,0,12.1,156.04,,6.2,15.6,72.31,Clear
108,"Adana, Türkiye",06/09/2020,85.7,70.2,76.7,,86.8,0.0,0,0,11.7,156.92,,6.2,18.5,76.74,Clear
109,"Adana, Türkiye",06/10/2020,83.5,66.6,75.2,,86.5,0.0,0,0,13.3,169.04,,6.1,38.6,77.42,Partially cloudy
110,"Adana, Türkiye",06/11/2020,86.5,70.7,76.1,,89.1,0.0,0,0,14.8,149.92,,6.2,66.4,76.44,Partially cloudy
111,"Adana, Türkiye",06/12/2020,80.6,66.5,73.6,,82.2,0.35,0,0,17.8,186.38,,6.0,65.1,78.48,"Rain, Partially cloudy"
112,"Adana, Türkiye",06/13/2020,82.0,65.1,73.1,,81.3,0.72,0,0,18.3,151.83,,6.2,50.8,70.22,"Rain, Partially cloudy"
113,"Adana, Türkiye",06/14/2020,83.8,62.6,73.0,,83.9,0.08,0,0,10.8,182.0,,6.2,43.3,67.46,"Rain, Partially cloudy"
114,"Adana, Türkiye",06/15/2020,85.2,65.3,75.1,,86.6,0.0,0,0,12.7,167.5,,6.2,40.0,73.74,Partially cloudy
115,"Adana, Türkiye",06/16/2020,84.5,65.9,75.4,,86.2,0.0,0,0,12.3,153.79,,6.2,42.1,77.97,Partially cloudy
116,"Adana, Türkiye",06/17/2020,84.9,68.4,76.6,,89.9,0.0,0,0,10.6,160.29,,6.2,48.5,79.32,Partially cloudy
117,"Adana, Türkiye",06/18/2020,85.1,69.4,76.7,,88.9,0.03,0,0,16.8,174.88,,6.2,45.8,79.17,"Rain, Partially cloudy"
118,"Adana, Türkiye",06/19/2020,83.1,69.0,74.6,,86.5,0.22,0,0,14.4,134.21,30.0,6.1,56.7,81.01,"Rain, Partially cloudy"
119,"Adana, Türkiye",06/20/2020,86.9,67.4,76.8,,89.1,0.0,0,0,13.8,129.29,,6.2,49.9,73.13,Partially cloudy
120,"Adana, Türkiye",06/21/2020,86.6,71.6,77.8,,90.0,0.0,0,0,11.2,147.33,,6.2,53.2,80.68,Partially cloudy
121,"Adana, Türkiye",06/22/2020,88.9,67.7,78.2,,89.3,0.0,0,0,13.5,159.58,,6.2,25.6,71.59,Partially cloudy
122,"Adana, Türkiye",06/23/2020,86.6,69.2,77.7,,90.6,0.0,0,0,13.9,142.79,,6.2,50.5,77.51,Partially cloudy
123,"Adana, Türkiye",06/24/2020,84.8,70.9,77.5,,86.2,0.0,0,0,12.3,162.92,,6.2,49.0,74.31,Partially cloudy
124,"Adana, Türkiye",06/25/2020,89.5,68.9,78.5,,94.3,0.0,0,0,11.9,149.87,,6.2,44.2,75.05,Partially cloudy
125,"Adana, Türkiye",11/01/2020,81.2,61.2,70.4,,81.3,0.0,0,0,8.4,130.42,,6.2,26.1,69.8,Partially cloudy
126,"Adana, Türkiye",11/02/2020,81.2,63.3,70.5,,81.4,0.02,0,0,10.6,93.54,,6.2,60.7,63.47,"Rain, Partially cloudy"
127,"Adana, Türkiye",11/03/2020,77.4,60.2,67.9,,,0.03,0,0,10.4,87.63,,6.2,72.6,64.26,"Rain, Partially cloudy"
128,"Adana, Türkiye",11/04/2020,63.9,58.7,60.5,,,1.33,0,0,13.1,60.04,,6.1,88.9,91.3,"Rain, Overcast"
129,"Adana, Türkiye",11/05/2020,73.5,58.0,65.2,,,0.34,0,0,12.6,78.63,6.9,6.2,88.3,71.59,"Rain, Overcast"
130,"Adana, Türkiye",11/06/2020,77.7,59.4,68.8,,,0.0,0,0,12.0,171.29,,6.2,50.2,65.31,Partially cloudy
131,"Adana, Türkiye",11/07/2020,78.1,63.4,69.5,,,0.0,0,0,16.9,55.25,,6.2,0.0,38.4,Clear
132,"Adana, Türkiye",11/08/2020,81.0,57.5,68.2,,79.3,0.0,0,0,12.9,31.38,,6.2,0.0,38.93,Clear
133,"Adana, Türkiye",11/09/2020,81.7,56.5,67.5,,79.8,0.0,0,0,9.3,76.96,,6.2,0.1,46.31,Clear
134,"Adana, Türkiye",11/10/2020,81.5,57.4,67.2,,80.1,0.0,0,0,7.4,96.71,,6.2,0.0,57.22,Clear
135,"Adana, Türkiye",11/11/2020,81.0,54.6,65.5,,79.5,0.0,0,0,6.8,116.33,,6.0,0.0,60.87,Clear
136,"Adana, Türkiye",11/12/2020,79.4,52.1,64.3,,,0.0,0,0,8.5,66.17,,6.2,0.0,50.35,Clear
137,"Adana, Türkiye",11/13/2020,78.0,50.4,62.6,,,0.0,0,0,6.6,92.21,,6.2,0.0,55.82,Clear
138,"Adana, Türkiye",11/14/2020,75.8,52.5,62.3,,,0.0,0,0,9.1,71.79,,5.9,0.1,57.28,Clear
139,"Adana, Türkiye",11/15/2020,73.8,52.0,60.6,,,0.0,0,0,8.4,178.79,,5.6,13.5,56.44,Clear
140,"Adana, Türkiye",11/16/2020,74.5,46.2,60.0,48.5,,0.0,0,0,5.4,137.88,,5.2,10.3,58.45,Clear
141,"Adana, Türkiye",11/17/2020,74.3,52.2,61.4,,,0.0,0,0,7.3,83.29,,5.7,0.0,58.42,Clear
142,"Adana, Türkiye",11/18/2020,75.1,49.7,59.9,,,0.0,0,0,6.5,77.79,,5.6,0.0,59.9,Clear
143,"Adana, Türkiye",11/19/2020,73.7,48.6,61.0,47.2,,0.0,0,0,12.1,38.79,,6.1,21.7,48.81,Clear
144,"Adana, Türkiye",11/20/2020,62.3,56.6,59.3,,,0.12,0,0,16.5,33.0,,6.2,88.9,65.62,"Rain, Overcast"
145,"Adana, Türkiye",11/21/2020,72.7,53.3,62.5,,,0.0,0,0,10.1,113.79,,6.2,43.4,60.17,Partially cloudy
146,"Adana, Türkiye",11/22/2020,71.5,46.4,58.6,,,0.0,0,0,8.0,158.13,,5.6,0.0,61.25,Clear
147,"Adana, Türkiye",11/23/2020,71.2,43.2,55.5,41.8,,0.0,0,0,7.2,139.96,,5.5,0.0,56.0,Clear
148,"Adana, Türkiye",11/24/2020,72.5,42.8,55.0,42.3,,0.0,0,0,6.8,109.63,,5.5,0.1,53.45,Clear
149,"Adana, Türkiye",11/25/2020,67.0,43.1,56.8,45.0,,0.0,0,0,11.8,55.25,,6.2,3.9,43.37,Clear
150,"Adana, Türkiye",03/01/2020,64.4,47.5,54.8,46.3,,1.22,0,0,9.6,137.21,,5.8,26.8,81.45,"Rain, Partially cloudy"
151,"Adana, Türkiye",03/02/2020,66.2,46.1,55.2,42.4,,0.0,0,0,10.2,92.71,,6.2,17.1,68.15,Clear
152,"Adana, Türkiye",03/03/2020,68.0,46.4,56.6,44.5,,0.0,0,0,6.0,131.54,,6.0,6.3,79.31,Clear
153,"Adana, Türkiye",03/04/2020,75.7,49.7,61.5,47.4,,0.0,0,0,9.8,51.58,,6.2,0.1,62.68,Clear
154,"Adana, Türkiye",03/05/2020,75.2,53.6,64.3,,,0.0,0,0,12.8,63.54,,6.2,13.9,51.61,Clear
155,"Adana, Türkiye",03/06/2020,68.7,53.1,62.6,,,0.0,0,0,10.3,113.92,,6.2,63.5,62.42,Partially cloudy
156,"Adana, Türkiye",03/07/2020,73.1,48.2,60.9,,,0.0,0,0,12.5,137.21,18.3,5.9,10.8,73.43,Clear
157,"Adana, Türkiye",03/08/2020,74.0,52.0,61.1,,,0.0,0,0,10.9,120.58,,6.2,19.0,81.7,Clear
158,"Adana, Türkiye",03/09/2020,82.2,50.8,65.3,,80.5,0.0,0,0,9.2,98.79,,5.7,0.1,64.98,Clear
159,"Adana, Türkiye",03/10/2020,70.2,53.8,61.9,,,0.0,0,0,15.9,172.42,,6.2,7.6,62.92,Clear
160,"Adana, Türkiye",03/11/2020,76.9,45.8,60.5,44.4,,0.0,0,0,10.1,150.79,,6.2,1.2,60.49,Clear
161,"Adana, Türkiye",03/12/2020,73.3,57.2,67.2,,,0.01,0,0,16.8,95.33,,6.2,57.0,46.41,"Rain, Partially cloudy"
162,"Adana, Türkiye",03/13/2020,68.8,60.3,64.4,,,0.92,0,0,20.8,27.33,28.9,6.2,67.2,67.96,"Rain, Partially cloudy"
163,"Adana, Türkiye",03/14/2020,75.9,58.7,65.5,,,0.0,0,0,12.4,89.5,,6.2,39.1,66.33,Partially cloudy
164,"Adana, Türkiye",03/15/2020,68.6,58.5,63.4,,,0.0,0,0,10.7,137.42,,5.1,63.6,87.09,Partially cloudy
165,"Adana, Türkiye",03/16/2020,70.6,57.5,62.8,,,0.0,0,0,13.3,177.0,,6.2,66.6,83.09,Partially cloudy
166,"Adana, Türkiye",03/17/2020,56.9,47.1,51.0,40.7,,0.65,0,0,18.3,84.04,32.2,6.2,70.5,75.25,"Rain, Partially cloudy"
167,"Adana, Türkiye",03/18/2020,55.1,44.5,50.1,40.2,,0.35,0,0,8.3,181.04,,6.2,68.7,58.63,"Rain, Partially cloudy"
168,"Adana, Türkiye",03/19/2020,56.2,44.7,49.7,39.8,,0.18,0,0,11.0,127.83,,6.2,68.6,62.19,"Rain, Partially cloudy"
169,"Adana, Türkiye",03/20/2020,55.7,44.3,48.5,41.9,,0.06,0,0,14.4,73.79,,6.2,65.8,77.68,"Rain, Partially cloudy"
170,"Adana, Türkiye",03/21/2020,67.8,39.1,53.2,38.9,,0.0,0,0,11.8,178.13,,6.2,3.3,59.97,Clear
171,"Adana, Türkiye",03/22/2020,68.6,39.2,54.7,39.5,,0.0,0,0,12.3,137.33,,6.2,3.5,65.2,Clear
172,"Adana, Türkiye",03/23/2020,68.9,47.6,57.9,45.1,,0.0,0,0,8.5,106.67,,6.2,53.5,72.03,Partially cloudy
173,"Adana, Türkiye",03/24/2020,75.2,50.1,63.3,,,0.0,0,0,14.8,90.75,,6.2,60.4,57.59,Partially cloudy
174,"Adana, Türkiye",03/25/2020,73.7,56.1,63.4,,,0.02,0,0,13.2,106.17,,6.2,55.3,65.42,"Rain, Partially cloudy"
175,"Adana, Türkiye",03/26/2020,75.9,51.3,63.6,,,0.0,0,0,7.7,145.17,,6.2,10.1,69.9,Clear
176,"Adana, Türkiye",03/27/2020,66.0,58.0,62.7,,,0.19,0,0,17.9,91.5,,6.2,61.6,67.8,"Rain, Partially cloudy"
177,"Adana, Türkiye",03/28/2020,68.1,49.7,59.1,48.3,,0.13,0,0,18.7,131.75,,6.2,64.1,81.06,"Rain, Partially cloudy"
178,"Adana, Türkiye",03/29/2020,66.5,51.8,58.3,,,0.16,0,0,21.8,105.71,35.8,6.2,55.7,75.93,"Rain, Partially cloudy"
179,"Adana, Türkiye",03/30/2020,68.9,45.8,57.7,42.6,,0.0,0,0,8.3,107.71,,6.2,49.7,70.21,Partially cloudy
180,"Adana, Türkiye",03/31/2020,68.0,52.0,60.7,,,0.02,0,0,17.1,47.17,,6.2,60.0,66.03,"Rain, Partially cloudy"
181,"Adana, Türkiye",04/01/2020,70.1,57.0,62.5,,,0.05,0,0,18.5,150.08,,6.2,60.8,68.25,"Rain, Partially cloudy"
182,"Adana, Türkiye",05/01/2020,67.0,56.9,61.2,,,1.32,0,0,9.9,101.46,,6.1,65.5,93.74,"Rain, Partially cloudy"
183,"Adana, Türkiye",05/02/2020,73.7,55.1,63.0,,,0.09,0,0,8.8,110.71,,6.2,59.7,88.55,"Rain, Partially cloudy"
184,"Adana, Türkiye",05/03/2020,70.2,59.8,64.1,,,0.58,0,0,11.9,119.17,,6.1,70.1,88.62,"Rain, Partially cloudy"
185,"Adana, Türkiye",05/04/2020,73.5,60.5,65.2,,,1.07,0,0,13.5,124.88,,5.7,64.9,87.68,"Rain, Partially cloudy"
186,"Adana, Türkiye",05/05/2020,76.7,59.0,66.9,,,0.03,0,0,14.6,151.17,,6.2,59.8,79.69,"Rain, Partially cloudy"
187,"Adana, Türkiye",05/06/2020,78.4,58.4,67.9,,,0.0,0,0,13.8,147.33,,6.2,47.3,74.16,Partially cloudy
188,"Adana, Türkiye",05/07/2020,74.5,62.4,68.4,,,0.0,0,0,15.0,155.33,,6.2,59.7,77.27,Partially cloudy
189,"Adana, Türkiye",05/08/2020,72.0,58.7,66.3,,,0.0,0,0,9.8,99.13,,6.2,62.0,77.59,Partially cloudy
190,"Adana, Türkiye",05/09/2020,82.5,60.5,71.0,,81.1,0.0,0,0,14.8,119.63,,6.2,47.9,55.81,Partially cloudy
191,"Adana, Türkiye",05/10/2020,79.4,60.1,69.4,,,0.0,0,0,13.8,164.42,,6.2,14.0,74.32,Clear
192,"Adana, Türkiye",05/11/2020,80.5,61.7,70.0,,81.5,0.0,0,0,10.9,147.54,,6.2,29.4,74.95,Partially cloudy
193,"Adana, Türkiye",05/12/2020,82.3,58.7,70.6,,83.0,0.0,0,0,9.0,130.04,,6.2,8.2,72.9,Clear
194,"Adana, Türkiye",05/13/2020,84.6,62.0,72.4,,86.4,0.0,0,0,9.2,175.83,,6.2,1.3,75.02,Clear
195,"Adana, Türkiye",05/14/2020,96.9,60.5,78.5,,93.5,0.0,0,0,11.5,129.54,,6.0,0.0,60.97,Clear
196,"Adana, Türkiye",05/15/2020,101.0,68.0,84.4,,96.5,0.0,0,0,11.4,95.75,,6.2,0.0,44.53,Clear
197,"Adana, Türkiye",05/16/2020,103.5,71.0,86.6,,104.5,0.0,0,0,11.2,109.25,,6.2,0.0,45.21,Clear
198,"Adana, Türkiye",05/17/2020,103.7,75.6,89.0,,99.9,0.0,0,0,14.4,90.25,,6.2,0.0,32.16,Clear
199,"Adana, Türkiye",05/18/2020,102.9,77.9,89.3,,102.1,0.0,0,0,9.9,115.67,,6.2,0.0,29.88,Clear
200,"Adana, Türkiye",05/19/2020,103.9,69.8,87.2,,103.7,0.0,0,0,13.0,130.88,,6.2,0.1,42.43,Clear
201,"Adana, Türkiye",05/20/2020,100.8,70.3,86.6,,100.6,0.0,0,0,13.2,161.0,19.7,6.2,0.0,40.83,Clear
202,"Adana, Türkiye",05/21/2020,98.2,70.8,84.4,,97.7,0.0,0,0,10.9,120.46,,6.2,0.1,47.82,Clear
203,"Adana, Türkiye",05/22/2020,85.5,70.5,78.2,,90.5,0.0,0,0,20.3,163.63,,6.2,40.4,65.6,Partially cloudy
204,"Adana, Türkiye",05/23/2020,81.0,68.0,73.7,,80.0,0.0,0,0,15.0,198.67,,6.2,48.1,42.05,Partially cloudy
205,"Adana, Türkiye",05/24/2020,75.7,61.6,68.6,,,0.03,0,0,23.5,293.96,40.3,6.2,45.2,34.43,"Rain, Partially cloudy"
206,"Adana, Türkiye",05/25/2020,79.2,59.0,70.5,,,0.0,0,0,14.1,169.13,,6.2,1.4,38.44,Clear
207,"Adana, Türkiye",05/26/2020,86.9,59.7,72.9,,84.1,0.0,0,0,9.2,134.38,,6.2,0.1,50.57,Clear
208,"Adana, Türkiye",05/27/2020,92.1,64.8,77.7,,89.7,0.0,0,0,12.5,166.33,,6.2,0.0,47.55,Clear
209,"Adana, Türkiye",05/28/2020,80.9,65.1,72.2,,80.8,0.0,0,0,15.5,147.83,,6.2,22.5,66.95,Clear
210,"Adana, Türkiye",05/29/2020,75.6,60.1,68.5,,,0.0,0,0,19.8,170.75,,6.2,38.6,65.37,Partially cloudy
211,"Adana, Türkiye",05/30/2020,79.4,59.8,69.8,,,0.0,0,0,13.0,134.58,,6.2,41.8,63.23,Partially cloudy
212,"Adana, Türkiye",05/31/2020,81.2,62.2,70.7,,81.2,0.0,0,0,12.5,137.13,,6.2,47.6,68.39,Partially cloudy
213,"Adana, Türkiye",06/01/2020,79.9,61.9,70.4,,,0.0,0,0,11.3,150.71,,6.2,40.5,66.22,Partially cloudy
214,"Adana, Türkiye",04/01/2020,70.1,57.0,62.5,,,0.05,0,0,18.5,150.08,,6.2,60.8,68.25,"Rain, Partially cloudy"
215,"Adana, Türkiye",04/02/2020,68.1,55.4,61.0,,,0.09,0,0,20.2,105.92,,6.2,62.5,81.63,"Rain, Partially cloudy"
216,"Adana, Türkiye",04/03/2020,66.5,52.0,59.7,,,0.28,0,0,21.7,173.54,27.7,6.2,63.6,79.47,"Rain, Partially cloudy"
217,"Adana, Türkiye",04/04/2020,73.7,46.1,59.5,43.7,,0.0,0,0,7.6,80.13,,6.2,8.3,60.05,Clear
218,"Adana, Türkiye",04/05/2020,76.7,58.4,67.4,,,0.0,0,0,25.1,34.38,,6.2,8.9,50.05,Clear
219,"Adana, Türkiye",04/06/2020,72.7,56.5,63.7,,,0.0,0,0,12.2,203.54,,6.2,52.7,77.99,Partially cloudy
220,"Adana, Türkiye",04/07/2020,71.9,57.2,63.9,,,0.0,0,0,13.3,167.5,,6.1,62.2,82.14,Partially cloudy
221,"Adana, Türkiye",04/08/2020,71.0,59.3,63.8,,,0.0,0,0,12.5,140.08,,6.2,69.2,78.74,Partially cloudy
222,"Adana, Türkiye",04/09/2020,65.4,53.3,59.0,,,0.06,0,0,8.1,97.17,,6.2,63.1,83.12,"Rain, Partially cloudy"
223,"Adana, Türkiye",04/10/2020,68.6,47.9,58.7,,,0.05,0,0,13.8,145.63,,6.2,56.6,80.45,"Rain, Partially cloudy"
224,"Adana, Türkiye",04/11/2020,73.3,50.5,61.3,,,0.0,0,0,13.4,126.79,,6.2,2.3,73.53,Clear
225,"Adana, Türkiye",04/12/2020,73.7,54.1,62.7,,,0.0,0,0,12.2,113.75,,6.2,48.1,77.79,Partially cloudy
226,"Adana, Türkiye",04/13/2020,76.6,51.4,63.4,,,0.0,0,0,12.0,97.42,,6.2,15.3,66.99,Clear
227,"Adana, Türkiye",04/14/2020,81.3,48.9,64.3,,79.4,0.0,0,0,11.6,140.46,,6.2,0.0,56.43,Clear
228,"Adana, Türkiye",04/15/2020,75.5,52.7,62.9,,,0.02,0,0,11.8,121.42,,6.2,28.8,72.8,"Rain, Partially cloudy"
229,"Adana, Türkiye",04/16/2020,76.5,54.1,65.2,,,0.0,0,0,6.6,147.92,,6.2,56.1,64.67,Partially cloudy
230,"Adana, Türkiye",04/17/2020,83.1,53.1,68.6,,81.8,0.0,0,0,10.9,176.67,,6.2,6.9,55.02,Clear
231,"Adana, Türkiye",04/18/2020,84.2,55.7,69.7,,82.6,0.0,0,0,13.6,144.58,,6.2,0.1,61.08,Clear
232,"Adana, Türkiye",04/19/2020,83.0,56.6,69.0,,82.2,0.0,0,0,10.5,131.21,,6.1,0.0,70.67,Clear
233,"Adana, Türkiye",04/20/2020,84.8,57.7,69.3,,82.3,0.0,0,0,11.5,175.17,,5.2,15.4,68.74,Clear
234,"Adana, Türkiye",04/21/2020,80.3,56.1,67.2,,79.6,0.0,0,0,10.7,109.58,,6.2,8.6,68.07,Clear
235,"Adana, Türkiye",04/22/2020,79.5,56.8,66.2,,,0.0,0,0,14.0,145.08,,6.2,22.3,69.98,Clear
236,"Adana, Türkiye",04/23/2020,76.6,55.0,65.3,,,0.35,0,0,13.5,138.79,,6.2,44.0,71.74,"Rain, Partially cloudy"
237,"Adana, Türkiye",04/24/2020,69.9,54.0,60.8,,,0.05,0,0,7.8,103.67,,6.2,59.1,67.36,"Rain, Partially cloudy"
238,"Adana, Türkiye",04/25/2020,71.1,53.6,62.0,,,0.01,0,0,13.0,149.46,,6.2,62.2,72.38,"Rain, Partially cloudy"
239,"Adana, Türkiye",04/26/2020,76.5,50.5,63.6,,,0.0,0,0,16.3,130.42,,6.2,42.7,73.9,Partially cloudy
240,"Adana, Türkiye",04/27/2020,73.7,60.3,66.1,,,0.0,0,0,14.3,161.13,,6.2,61.5,77.3,Partially cloudy
241,"Adana, Türkiye",04/28/2020,80.3,55.1,66.9,,80.5,0.0,0,0,10.7,153.21,,6.2,44.7,75.06,Partially cloudy
242,"Adana, Türkiye",04/29/2020,84.9,55.1,69.0,,82.9,0.04,0,0,14.4,126.08,,6.2,39.6,68.48,"Rain, Partially cloudy"
243,"Adana, Türkiye",04/30/2020,75.6,61.2,68.1,,,0.0,0,0,14.0,140.08,,6.2,63.7,77.66,Partially cloudy
244,"Adana, Türkiye",05/01/2020,67.0,56.9,61.2,,,1.32,0,0,9.9,101.46,,6.1,65.5,93.74,"Rain, Partially cloudy"
245,"Adana, Türkiye",01/01/2020,60.8,41.8,50.0,40.5,,0.0,0,0,9.0,79.75,,5.0,23.6,75.24,Clear
246,"Adana, Türkiye",01/02/2020,56.9,41.2,49.4,41.1,,0.0,0,0,9.9,50.75,,6.0,55.4,72.06,Partially cloudy
247,"Adana, Türkiye",01/03/2020,52.3,47.9,49.9,44.5,,0.65,0,0,11.7,35.58,,4.9,71.1,87.32,"Rain, Partially cloudy"
248,"Adana, Türkiye",01/04/2020,53.6,47.2,49.9,44.4,,0.5,0,0,8.2,45.79,,5.1,69.4,90.08,"Rain, Partially cloudy"
249,"Adana, Türkiye",01/05/2020,59.0,43.0,49.2,40.1,,0.0,0,0,8.2,92.92,,5.1,47.6,63.6,Partially cloudy
250,"Adana, Türkiye",01/06/2020,49.0,42.1,47.0,37.2,,0.85,0,0,16.0,33.33,,5.3,68.4,82.84,"Rain, Partially cloudy"
251,"Adana, Türkiye",01/07/2020,51.5,47.2,48.8,42.9,,2.5,0,0,14.6,75.92,18.3,3.0,67.5,92.43,"Rain, Partially cloudy"
252,"Adana, Türkiye",01/08/2020,55.1,46.4,50.3,42.4,,1.08,0,0,9.0,180.42,,3.9,70.5,87.37,"Rain, Partially cloudy"
253,"Adana, Türkiye",01/09/2020,62.6,42.3,51.8,39.6,,0.0,0,0,12.6,113.04,,5.1,17.9,65.1,Clear
254,"Adana, Türkiye",01/10/2020,61.1,42.8,51.5,40.1,,0.0,0,0,12.3,138.25,,5.7,0.0,45.22,Clear
255,"Adana, Türkiye",01/11/2020,59.3,35.1,45.8,33.4,,0.0,0,0,7.9,217.29,,4.7,1.3,69.61,Clear
256,"Adana, Türkiye",01/12/2020,59.4,42.9,50.0,38.9,,0.0,0,0,7.8,77.0,64.4,4.4,42.9,76.16,Partially cloudy
257,"Adana, Türkiye",01/13/2020,63.5,39.2,50.0,38.3,,0.0,0,0,6.8,173.54,57.5,4.9,1.4,72.64,Clear
258,"Adana, Türkiye",01/14/2020,61.4,36.7,48.6,35.3,,0.0,0,0,9.2,139.58,,5.1,0.1,70.06,Clear
259,"Adana, Türkiye",01/15/2020,61.6,40.4,49.1,36.6,,0.0,0,0,5.8,56.96,,4.4,0.2,70.02,Clear
260,"Adana, Türkiye",01/16/2020,63.3,40.3,52.0,37.2,,0.0,0,0,18.6,54.83,,5.8,26.3,53.52,Partially cloudy
261,"Adana, Türkiye",01/17/2020,51.8,47.9,49.7,41.1,,0.15,0,0,18.9,49.58,,5.6,69.5,71.63,"Rain, Partially cloudy"
262,"Adana, Türkiye",01/18/2020,60.7,41.5,49.5,38.3,,0.0,0,0,7.6,178.42,,4.2,35.5,66.03,Partially cloudy
263,"Adana, Türkiye",01/19/2020,54.7,43.3,49.2,41.5,,0.0,0,0,9.8,64.04,,5.5,63.7,53.57,Partially cloudy
264,"Adana, Türkiye",01/20/2020,55.7,34.1,45.9,31.3,,0.0,0,0,14.4,146.71,,5.9,27.3,46.22,Partially cloudy
265,"Adana, Türkiye",01/21/2020,60.8,46.0,51.9,41.1,,0.0,0,0,17.9,166.63,29.0,6.2,14.8,32.04,Clear
266,"Adana, Türkiye",01/22/2020,60.6,38.8,50.6,35.9,,0.0,0,0,15.0,127.96,,5.7,0.0,34.51,Clear
267,"Adana, Türkiye",01/23/2020,59.4,34.7,47.4,29.6,,0.0,0,0,12.4,44.67,,5.2,5.2,55.23,Clear
268,"Adana, Türkiye",01/24/2020,52.3,40.5,47.7,34.7,,0.0,0,0,19.8,78.58,45.0,6.2,21.4,28.78,Clear
269,"Adana, Türkiye",01/25/2020,56.7,30.0,44.0,29.4,,0.0,0,0,8.9,158.88,,5.5,0.0,49.6,Clear
270,"Adana, Türkiye",01/26/2020,59.3,40.9,48.7,35.9,,0.0,0,0,8.5,59.13,,5.3,53.6,60.9,Partially cloudy
271,"Adana, Türkiye",01/27/2020,60.8,39.7,49.0,37.4,,0.0,0,0,7.4,61.04,,5.5,30.0,73.13,Partially cloudy
272,"Adana, Türkiye",01/28/2020,61.8,42.7,52.3,42.9,,0.0,0,0,7.7,86.0,,5.5,62.6,66.35,Partially cloudy
273,"Adana, Türkiye",01/29/2020,61.6,48.9,53.6,49.1,,0.12,0,0,6.1,135.33,,4.8,63.7,79.1,"Rain, Partially cloudy"
274,"Adana, Türkiye",01/30/2020,57.3,50.7,53.2,,,0.22,0,0,7.0,108.88,,3.0,68.9,94.21,"Rain, Partially cloudy"
275,"Adana, Türkiye",01/31/2020,55.4,43.8,51.0,39.4,,0.75,0,0,20.9,253.63,35.8,5.3,43.3,56.6,"Rain, Partially cloudy"
276,"Adana, Türkiye",02/01/2020,58.8,35.3,45.9,33.4,,0.0,0,0,8.4,112.0,,5.6,14.1,58.23,Clear
277,"Adana, Türkiye",07/01/2020,92.3,73.2,82.1,,97.4,0.0,0,0,15.5,185.83,,6.2,30.4,74.42,Partially cloudy
278,"Adana, Türkiye",07/02/2020,97.7,71.6,83.5,,103.5,0.0,0,0,11.2,155.88,18.3,5.9,26.1,71.46,Partially cloudy
279,"Adana, Türkiye",07/03/2020,98.0,70.3,83.7,,103.8,0.0,0,0,10.7,176.38,,6.2,11.5,70.82,Clear
280,"Adana, Türkiye",07/04/2020,96.0,73.3,84.0,,109.8,0.0,0,0,11.5,193.79,,6.2,23.6,76.51,Clear
281,"Adana, Türkiye",07/05/2020,95.6,76.7,84.0,,109.6,0.0,0,0,13.4,164.38,,6.2,25.2,78.49,Partially cloudy
282,"Adana, Türkiye",07/06/2020,95.5,76.7,83.3,,109.3,0.0,0,0,10.6,177.29,,6.0,43.5,80.64,Partially cloudy
283,"Adana, Türkiye",07/07/2020,90.9,76.8,82.8,,101.6,0.0,0,0,11.9,171.13,,6.2,54.1,81.87,Partially cloudy
284,"Adana, Türkiye",07/08/2020,90.5,74.6,82.3,,95.1,0.0,0,0,15.1,160.57,,6.1,42.8,72.3,Partially cloudy
285,"Adana, Türkiye",07/09/2020,92.3,72.8,81.8,,99.0,0.0,0,0,13.3,199.67,,6.1,20.8,74.28,Clear
286,"Adana, Türkiye",07/10/2020,91.3,73.9,82.6,,102.2,0.0,0,0,12.0,184.71,,6.2,31.0,77.51,Partially cloudy
287,"Adana, Türkiye",07/11/2020,91.5,76.4,83.6,,103.4,0.0,0,0,12.9,153.5,,6.2,39.3,78.53,Partially cloudy
288,"Adana, Türkiye",07/12/2020,92.9,76.9,84.1,,103.1,0.0,0,0,13.2,178.67,,6.2,43.7,78.63,Partially cloudy
289,"Adana, Türkiye",07/13/2020,93.8,77.7,84.4,,105.4,0.0,0,0,13.7,190.96,,6.2,52.2,79.0,Partially cloudy
290,"Adana, Türkiye",07/14/2020,95.3,75.7,85.0,,105.5,0.0,0,0,14.5,153.5,,5.9,24.5,75.17,Clear
291,"Adana, Türkiye",07/15/2020,94.5,74.9,84.7,,106.7,0.0,0,0,12.8,186.13,,6.2,25.6,77.74,Partially cloudy
292,"Adana, Türkiye",07/16/2020,91.3,78.8,84.1,,104.1,0.0,0,0,10.6,170.17,,6.2,51.0,81.04,Partially cloudy
293,"Adana, Türkiye",07/17/2020,89.9,77.3,83.0,,100.3,0.0,0,0,14.1,179.13,,6.2,65.2,79.23,Partially cloudy
294,"Adana, Türkiye",07/18/2020,90.0,77.0,82.6,,101.3,0.0,0,0,13.9,185.67,,6.2,77.4,76.53,Overcast
295,"Adana, Türkiye",07/19/2020,93.1,77.8,83.9,,105.6,0.0,0,0,11.2,192.46,,6.2,52.9,75.49,Partially cloudy
296,"Adana, Türkiye",07/20/2020,94.1,73.1,83.9,,103.4,0.0,0,0,11.1,181.13,,6.0,12.8,76.36,Clear
297,"Adana, Türkiye",07/21/2020,92.8,78.2,84.6,,107.8,0.0,0,0,10.4,154.75,,6.2,46.4,80.04,Partially cloudy
298,"Adana, Türkiye",07/22/2020,96.6,77.0,85.5,,106.8,0.0,0,0,15.5,175.92,,6.1,29.0,72.47,Partially cloudy
299,"Adana, Türkiye",07/23/2020,98.7,75.6,85.7,,103.8,0.0,0,0,12.9,203.67,,5.7,22.9,71.41,Clear
300,"Adana, Türkiye",07/24/2020,94.5,78.4,85.5,,108.3,0.0,0,0,10.6,184.29,,6.2,29.9,78.3,Partially cloudy
301,"Adana, Türkiye",07/25/2020,93.8,78.5,85.3,,106.5,0.0,0,0,11.8,161.83,,6.2,43.4,78.15,Partially cloudy
302,"Adana, Türkiye",02/01/2020,58.8,35.3,45.9,33.4,,0.0,0,0,8.4,112.0,,5.6,14.1,58.23,Clear
303,"Adana, Türkiye",02/02/2020,62.6,36.1,48.5,33.4,,0.0,0,0,5.1,99.71,,5.1,0.0,64.76,Clear
304,"Adana, Türkiye",02/03/2020,63.3,39.7,50.3,36.3,,0.0,0,0,6.4,71.21,,5.1,0.2,66.1,Clear
305,"Adana, Türkiye",02/04/2020,51.6,48.0,50.1,46.1,,0.07,0,0,8.4,62.04,,3.3,65.3,88.84,"Rain, Partially cloudy"
306,"Adana, Türkiye",02/05/2020,59.1,50.0,54.8,47.7,,0.33,0,0,9.7,83.5,,3.8,69.2,93.51,"Rain, Partially cloudy"
307,"Adana, Türkiye",02/06/2020,66.9,53.8,59.0,,,0.26,0,0,21.3,146.83,35.3,5.3,67.8,79.45,"Rain, Partially cloudy"
308,"Adana, Türkiye",02/07/2020,54.4,48.2,51.5,45.4,,0.52,0,0,11.3,184.75,21.9,4.7,66.8,87.81,"Rain, Partially cloudy"
309,"Adana, Türkiye",02/08/2020,49.3,38.9,45.3,29.9,,0.06,0,0,21.2,157.5,38.2,5.2,52.3,50.48,"Rain, Partially cloudy"
310,"Adana, Türkiye",02/09/2020,44.6,32.5,38.7,23.1,,0.0,0,0,18.8,129.67,38.0,6.2,6.2,27.39,Clear
311,"Adana, Türkiye",02/10/2020,44.3,27.2,36.8,24.9,,0.0,0,0,22.3,117.92,31.1,6.2,20.8,39.62,Clear
312,"Adana, Türkiye",02/11/2020,41.5,25.1,35.4,26.3,,0.0,0,0,8.7,63.04,,5.7,51.6,45.14,Partially cloudy
313,"Adana, Türkiye",02/12/2020,46.1,40.7,42.9,35.8,,0.0,0,0,14.5,76.83,,6.2,76.9,58.2,Overcast
314,"Adana, Türkiye",02/13/2020,48.2,40.0,42.5,32.5,,0.0,0,0,14.6,63.63,30.0,5.3,64.2,76.07,Partially cloudy
315,"Adana, Türkiye",02/14/2020,59.0,34.3,46.6,29.6,,0.0,0,0,13.9,76.79,,6.0,5.3,57.36,Clear
316,"Adana, Türkiye",02/15/2020,60.0,46.4,52.1,42.2,,0.0,0,0,20.4,41.29,,6.2,51.8,31.46,Partially cloudy
317,"Adana, Türkiye",02/16/2020,61.5,46.1,52.7,41.8,,0.12,0,0,15.6,46.71,,6.2,47.2,51.36,"Rain, Partially cloudy"
318,"Adana, Türkiye",02/17/2020,66.9,38.0,52.1,39.0,,0.0,0,0,8.1,149.92,,6.0,0.2,51.17,Clear
319,"Adana, Türkiye",02/18/2020,66.0,40.9,53.5,42.8,,0.0,0,0,14.8,55.67,,6.2,28.3,50.44,Partially cloudy
320,"Adana, Türkiye",02/19/2020,71.4,46.3,57.3,45.2,,0.0,0,0,11.9,98.5,,6.2,16.8,54.19,Clear
321,"Adana, Türkiye",02/20/2020,65.9,43.7,54.7,39.4,,0.0,0,0,17.3,95.42,,6.2,30.1,72.27,Partially cloudy
322,"Adana, Türkiye",02/21/2020,59.5,51.5,54.2,,,1.7,0,0,14.4,97.79,,4.6,66.5,93.52,"Rain, Partially cloudy"
323,"Adana, Türkiye",02/22/2020,61.6,49.7,54.6,46.9,,0.47,0,0,8.7,122.88,,6.0,69.7,82.64,"Rain, Partially cloudy"
324,"Adana, Türkiye",02/23/2020,57.5,50.0,53.8,47.9,,0.52,0,0,8.7,127.42,,4.7,67.0,88.23,"Rain, Partially cloudy"
325,"Adana, Türkiye",02/24/2020,69.6,45.6,57.0,46.2,,0.0,0,0,9.3,116.04,,5.4,44.1,68.01,Partially cloudy
326,"Adana, Türkiye",02/25/2020,67.7,48.6,57.2,46.6,,0.0,0,0,11.3,48.96,,5.6,5.2,59.11,Clear
327,"Adana, Türkiye",02/26/2020,66.9,41.5,53.9,38.9,,0.0,0,0,9.1,166.29,,6.2,0.1,61.61,Clear
328,"Adana, Türkiye",02/27/2020,64.4,46.4,55.4,43.8,,0.0,0,0,6.9,109.71,,5.9,52.8,78.81,Partially cloudy
329,"Adana, Türkiye",02/28/2020,67.0,51.5,57.5,,,0.0,0,0,7.7,131.42,,6.0,61.8,79.3,Partially cloudy
330,"Adana, Türkiye",02/29/2020,61.5,50.0,54.0,48.1,,1.12,0,0,10.7,112.04,,5.6,65.3,90.32,"Rain, Partially cloudy"
331,"Adana, Türkiye",03/01/2020,64.4,47.5,54.8,46.3,,1.22,0,0,9.6,137.21,,5.8,26.8,81.45,"Rain, Partially cloudy"
